"template_id","effective_from","is_active","template_name","version"
1,"2/7/2024",true,Fire Safety Compliance Checklist,v1
2,"1/7/2024",true,Building Fire Prevention Assessment,v2
3,"24/06/2024",true,Radiation Shipment Compliance Checklist,v1
4,"25/06/2024",true,Hazardous Material Transport Safety Template,v2
5,"3/07/2024",true,Radioactive Waste Disposal Inspection Template,v1
6,"4/07/2024",true,Radiation Waste Handling & Storage Checklist,v2
7,"17/07/2014",true,Workplace Electrical Safety Assessment Template,v1
8,"7/10/2024",true,Power System & Equipment Safety Checklist,v2
9,"24/03/2025",true,Structural Integrity Evaluation Template,v1
10,"24/03/2025",true,Building Safety Compliance Checklist,v2
11,"25/03/2025",true,Standard Facility Inspection Checklist,v1
12,"25/03/2025",true,Comprehensive Safety & Compliance Audit Template,v2
14,"03/04/2025",true,Machinery Failure Inspection Checklist,v2
13,"03/04/2025",true,Equipment Breakdown Check,v1
