"categoryid","inspectionid","approver_comment","reviewer_comment"
7,6755399441150434,all good,""
1,6755399441150434,all good,""
5,4503599627401027,approver completed,""
7,6755399441125303,approved,""
1,6755399441125303,approved,""
7,2251799813703873,"",Comment 2
1,2251799813703873,"",Comment 2
5,4503599627413003,Approver report,""
7,4503599627439223,approver comments,reviewer comments
1,4503599627439223,approver comments,""
7,4503599627473421,approver comment,reviewer is done
1,4503599627473421,approver comments,reviewer is done
7,6755399441203649,"The fire safety measures are adequately maintained, with minimal improvements needed.",Fire safety protocols well-maintained.
1,6755399441203649,Inspection revealed excellent adherence to fire safety protocols,Strong compliance with safety standards.
7,6755399441084805,The fire safety measures are adequately maintained,Fire safety protocols well - maintained
1,6755399441084805,Inspection revealed adherence to safety protocol,Strong compiliance with safety standards
7,6755399441172500,Fire alarm systems are operational and tested regularly,Fire alarm systems are operational and tested regularly
1,6755399441172500,Fire alarm systems are operational and tested regularly,Fire alarm systems are operational and tested regularly
7,4503599627428557,approver comment,""
1,4503599627428557,approver comment,""
7,6755399441120293,approver comments,""
1,6755399441120293,approver comments,""
7,2251799813774200,approved,""
1,2251799813774200,approved,""
7,4503599627402355,approver comments,""
1,4503599627402355,approver comments,""
1,2251799813746808,,
7,2251799813746808,approver comments,review is done
7,2251799813712164,approver comment 1,comment 1
1,2251799813712164,approver comment 2,Comment 2
7,4503599627513742,approver comment,reviewer comment
1,4503599627513742,approver report,reviewer comments
7,2251799813686699,All fire safety systems are compliant and functional.,All fire safety systems are compliant
1,2251799813686699,Inspection revealed excellent adherence to fire safety protocols,All fire safety systems are compliant and functional.
7,2251799813693272,"The fire safety measures are adequately maintained, with minimal improvements needed.",Fire safety protocols well-maintained.
1,2251799813693272,Inspection revealed excellent adherence to fire safety protocols,Strong compliance with safety standards.
7,2251799813735690,Approver comment 2,""
1,2251799813735690,Approver comment 2,""
5,6755399441125634,Approver inspection report ,""
1,4503599630268966,comments by approver,comments by reveiwer
7,4503599630268966,comments by approver,comments by reveiwer
7,6755399441056608,,
1,6755399441056608,Aprrover report,Reviewer comment 2
7,2251799813690905,,
1,2251799813690905,"",Comment
8,2251799813733959,,
1,2251799813733959,approver done,comments added
4,2251799813733959,approver comment,comments added
1,4503599627424107,approver comments,reviewer comments
4,4503599627424107,approver comments,reviewer comments
1,4503599627468544,approver report,comments
4,4503599627468544,approver comment,comments for reviewer
1,6755399441142124,approver report,reviewer comments added
4,6755399441142124,report,comments added
7,4503599627453881,done,comments
1,4503599627453881,done,comments
4,4503599627453881,ok,comment
2,4503599627417166,comments,comments 
5,4503599627417166,comment,comments
2,4503599627436388,approved shielding and leak - proofing meet compliance standards,Verify the shielding integrity and conduct the leak tests
5,4503599627436388,Verified proper storage conditions and regulatory adherence,Confirm proper labeiling and adherence to regulatory guidelines
7,2251799813685845,comment,comment 1
1,2251799813685845,comment 2,comment 2
4,2251799813685845,comment 3,comment 3
9,4503599627380005,comments,comments
10,4503599627380005,comments,comments
1,6755399441124445,comment,comment
2,6755399441124445,comment,comment
9,6755399441161254,"",review 
10,6755399441161254,"",comments 1
1,2251799813689684,comment,comment
2,2251799813689684,comment,comment
1,4503599627386074,Fire extinguisher and sprinklers are well maintained,Ensure regular maintenace checks to avoid potentials
2,4503599627386074,Emergency exit doors are functional and accessiable all times,Verify doors remain unobstructed at all times
9,2251799813710477,comment,comment
10,2251799813710477,comment,comment
9,4503599627432655,Segragartion and disposal procedures are well documented,Proper segration observed meeting softly and compliance standards
10,4503599627432655,"Waste storage areas are properly marked , ensuring safety and regularly adherence",Disposal procedures comply with all applicable regulations
1,2251799813752711,Fire extinguishers and sprinklers are well maintained,Ensure regular maintenance checks to avoid potential failure
2,2251799813752711,Emergency exit doors are functional and accessible all times,Verify doors are unobstructured at all times
25,4503599627458522,Verified that no cracks or dents are present . Ensure all loose cables are secured and confirm the gasket replacement in follow up inspection,No visible cracks or dents found ; equipment structure is in good condition
9,2251799813686253,report,comment
10,2251799813686253,report,comment
1,4503599627376125,report,comment
2,4503599627376125,comment,comment
9,2251799813689328,report,comment 1
10,2251799813689328,report,comment 2
9,4503599627437092,Disposal procedures are well documented ,Proper segregation observed 
10,4503599627437092,Waste storage areas are properly marked ,Disposal procedures comply with all applicable regulations
9,4503599627395250,report,comment
10,4503599627395250,report,comment
9,2251799813688377,report,reviewer 
10,2251799813688377,report,comment
9,2251799813706501,Segregation and disposal procedures are well being ,Proper segregation observed meeting safety and compliance standards
10,2251799813706501,Waste storage areas are properly marked,Disposal procedures comply with all applicable regulations
9,6755399441135886,"",comments
10,6755399441135886,"",comment
9,4503599627388075,Segregation and disposal procedures are well- documented and comply with regulations.,"Proper segregation observed , meeting safety and compliance standards."
10,4503599627388075,"Waste storage areas are properly marked , ensuring safety and regulatory adherence",Disposal procedures comply with all applicable regulations and standards 
9,2251799813733042,repprt,comment
10,2251799813733042,report,comment
9,2251799813726482,comment added by checklist items,comment added by checklist items
10,2251799813726482,comment added by checklist items,comment added by checklist items
9,4503599627478872,Segregation and disposal procedures are documented well,Proper segregation observed and compliance standards
10,4503599627478872,Waste storage areas are properly segregated ,Disposal procedures comply with all regulations
7,2251799813847786,"",Review Completed
7,6755399441222790,"",Review Completed
7,6755399441224656,"",Review Completed
7,4503599627543673,"",Review Completed
7,2251799813686850,"",Review Completed
7,4503599627438008,"",Review Completed
