"checklist_id","answer_type","checklist_name","is_active","pre_defined_answer_type","severity","weightage"
10,Predefined,Ensure shipping containers meet regulatory packaging standards.,false,Yes/No/NA,high,60
11,Predefined,Measure radiation levels around the shipment to ensure they are within safe limits.,true,Yes/No/NA,high,60
1,Predefined,"Check that fire extinguishers are accessible, fully charged, and not expired.",true,Yes/No/NA,high,60
2,Predefined, Inspect sprinkler systems to ensure they are functional and free from blockages.,true,Yes/No/NA,high,60
3,Predefined,"Verify that emergency exit doors are unlocked, functional, and not obstructed.",false,Yes/No/NA,high,60
4,Predefined,Ensure fire evacuation maps are posted in visible locations throughout the facility.,true,Yes/No/NA,low,70
5,Predefined,Ensure all fire-resistant doors and barriers are properly installed and undamaged.,true,Yes/No/NA,high,60
6,Predefined,"Test fire alarm systems, smoke detectors, and sprinkler systems for proper functionality.",true,Yes/No/NA,high,60
7,Predefined,"Ensure fire extinguishers are placed in designated, easily accessible locations without obstructions.",true,Yes/No/NA,high,60
8,Predefined,Verify that fire extinguishers are mounted at the correct height and clearly marked with visible signage,true,Complaint/Non-Complaint/NA,low,70
9,Predefined,Verify that radiation hazard labels are correctly placed and legible.,true,Yes/No/NA,high,60
12,Predefined,Confirm radiation survey reports are up to date and accurate.,true,Yes/No/NA,high,60
13,Custom,"Inspect containers for leaks, corrosion, or damage before transport.",true,Complaint/Non-Complaint/NA,high,50
14,Custom, Ensure all containers are sealed and secured properly for transit.,true,Yes/No/Na,medium,70
15,Predefined,Verify that transport personnel have access to emergency contact information.,true,Yes/No/NA,high,60
16,Predefined,Confirm that spill containment kits and PPE are available in transport vehicles.,true,Yes/No/NA,high,50
17,Predefined,Ensure radioactive waste is segregated by type and hazard classification.,true,Compliant/Non-Compliant/NA,medium,70
18,Predefined, Verify that waste storage areas are properly marked with radiation warning signs.,true,Yes/No/NA,high,60
19,Predefined,Confirm disposal procedures align with local and federal regulations.,false,Complaint/Non-Complaint/NA,low,70
20,Custom,Check documentation for waste tracking and disposal authorization.,true,Good/Fair/Poor/NA,low,90
21,Custom,Ensure all workers handling radioactive waste are wearing appropriate PPE.,true,Complaint/Non-Complaint/NA,high,70
22,Custom,Verify availability and proper use of shielding materials in storage areas.,true,Compliant/Non-Compliant/NA,medium,50
23,Custom,Check dosimeter readings for workers handling radioactive waste.,true,Yes/No/NA,low,70
24,Custom, Ensure radiation monitoring devices in storage areas are functioning correctly.,true,Good/Fair/Poor/NA,low,90
25,Custom,"Inspect electrical panels for signs of overheating, corrosion, or damage.",true,Complaint/Non-Complaint/NA,high,70
26,Custom,Verify all equipment is properly maintained and free from exposed wiring.,true,Yes/No/NA,low,50
27,Predefined,Ensure all equipment is properly grounded to prevent electrical shocks.,true,Yes/No/NA,high,50
28,Predefined,"Check circuit breakers and fuses for proper function and appropriate ratings.

",true,Good/Fair/Poor/NA,low,70
29,Predefined, Ensure cables are organized and not running across high-traffic areas.,true,Complaint/Non-Complaint/NA,medium,90
30,Predefined," Inspect power cords for fraying, cuts, or exposed wires",true,Complaint/Non-Complaint/NA,high,50
31,Predefined,Check that power strips and outlets are not overloaded beyond capacity.,true,Yes/No/NA,low,70
32,Predefined,Verify transformers and circuit breakers are rated appropriately for the load.,true,Good/Fair/Poor/NA,medium,90
39,Predefined,Check HVAC systems for proper airflow and filter cleanliness.,true,Complaint/Non-Complaint/NA,low,30
40,Predefined,Ensure workspaces have adequate ventilation and comply with air quality standards.,true,Complaint/Non-Complaint/NA,medium,40
41,Predefined,Ensure floors and walkways are free from obstructions and hazards.,true,Complaint/Non-Complaint/NA,high,50
42,Predefined,Verify that waste disposal areas are clean and properly maintained.,true,Yes/No/NA,low,60
43,Predefined,Check that employees are wearing the required personal protective equipment.,true,Yes/No/NA,medium,70
44,Predefined,Confirm safety training records for all personnel are up to date.,true,Yes/No/NA,high,80
33,Predefined," Inspect foundation for cracks, settlement, or signs of structural weakness.",true,Complaint/Non-Complaint/NA,high,90
34,Predefined,Ensure load-bearing walls and columns show no signs of stress or damage.,true,Yes/No/NA,low,70
35,Predefined,"Check for roof leaks, missing shingles, or water pooling issues.",true,Yes/No/NA,medium,50
36,Predefined,"Inspect ceilings for signs of water stains, mold, or deterioration.",true,Good/Fair/Poor/NA,high,50
37,Predefined,Ensure fire alarms and sprinkler systems are operational and tested regularly.,false,Complaint/Non-Complaint/NA,low,70
38,Predefined,Confirm emergency exit signs are clearly visible and properly illuminated.,true,Yes/No/NA,high,60
45,Predefined,Review inspection records and ensure compliance with safety regulations.,true,Yes/No/NA,low,40
46,Custom,Verify that all required permits and licenses are up to date.,true,Complaint/Non-Complaint/NA,medium,50
47,Custom,Identify potential workplace hazards and document mitigation measures.,true,Complaint/Non-Complaint/NA,high,60
48,Custom,Conduct risk assessments for all high-risk operational areas.,true,Complaint/Non-Complaint/NA,low,30
49,Custom,"Check that fire extinguishers are accessible, fully charged, and not expired.",true,Complaint/Non-Complaint/NA,low,40
50,Custom, Inspect sprinkler systems to ensure they are functional and free from blockages.,true,Yes/No/NA,medium,50
51,Custom,"Verify that emergency exit doors are unlocked, functional, and not obstructed.",true,Yes/No/NA,low,40
52,Custom,Ensure fire evacuation maps are posted in visible locations throughout the facility.,true,Yes/No/NA,high,60
2,Predefined,Ensure emergency exit signs are illuminated,true,Compliant/Non-Compliant/NA,High,10
53,Predefined,"Are there any visible cracks, dents, or deformation on the equipment?",true,Yes/No/NA,high,30
54,Predefined,Are all cables securely connected with no loose or frayed wires?,true,Complaint/Non-Complaint/NA,high,40
55,Predefined,Are there any signs of excessive wear on moving parts?,true,Yes/No/NA,high,50
56,Predefined,Are seals and gaskets intact without any leaks or damage? ,true,Complaint/Non-Complaint/NA,high,60
58,Predefined,Are heat sinks securely attached with no signs of damage or misalignment?,true,Complaint/Non-Complaint/NA,high,60
57,Predefined,Are air filters clean and not clogged with dust or debris?,true,Yes/No/NA,high,50
3,Predefined,Have there been any recent overheating warnings?,true,Complaint/Non-Complaint/NA,high,40
59,Predefined,Have there been any recent overheating warnings,true,Yes/No/NA,high,50
