"checklist_cat_id","category_threshold_local","category_weightage_local","checklist_category_name","is_active","version"
1,50,60,Fire Extinguishers & Suppression Systems,true,V1
2,20,80,Emergency Exits & Evacuation Plans,true,V1
3,40,60,Inspection of fire-resistant materials and barriers,true,V1
4,50,50,Availability and accessibility of fire extinguishers,false,V1
5,60,40,Packaging & Labeling Compliance,false,V1
6,70,30,Radiation Level Monitoring,true,V1
7,80,20,Container Integrity & Security,true,V1
8,30,70,Emergency Response Readiness,true,V1
9,20,80,Waste Storage & Segregation,true,V1
10,50,70,Disposal Process Compliance,true,V1
11,60,80,Protective Equipment & Safety Measures,true,V1
12,20,50,Radiation Exposure Monitoring,true,V1
13,50,70,Electrical Equipment Condition,true,V1
14,60,80,Grounding & Circuit Protection,true,V1
15,30,70,Wiring & Cable Management,true,V1
16,40,60,Load Capacity & Overload Protection,true,V1
17,50,70,Building Foundation & Load-bearing Structures,true,V1
18,40,60,Roofing & Water Damage Assessment,true,V1
19,30,70,Fire Safety & Emergency Preparedness,true,V1
20,40,50,Ventilation & Air Quality Standards,true,V1
21,55,75,General Housekeeping & Cleanliness,true,V1
22,60,75,PPE Compliance & Employee Safety,true,V1
23,10,40,Regulatory Compliance & Documentation,true,V1
24,30,70,Hazard Identification & Risk Assessment,true,V1
2,12,15,Fire Safety Equipement Placement,true,
25,30,70,Check for physical damage,true,V1
26,10,40,Inspect ventilation and cooling systems,true,V1
