"corrective_action_id","corrective_action_name"
1,'Enforce smoking restrictions through campaigns
2,'Enforce safe ignition practices
3,'regular checks
4,train employees
5,Urgently adopt fire prevention measures
6,'Store flammable materials safely to prevent fires
7,Wear PPE
8,Mark Hazard Zones
9,ction2
10,action1
14,Test
15,Test2
16,Test
17,Test2
18,Test
19,Test2
20,Test
21,Test2
25,action
26,action1
30,detection
31,detection2
32,detection
33,detection2
23,Mark Hazard Zones
24,Mark Hazard Zones
34,dete
35,detecn2
36,dete
37,detecn2
38,dete
39,detecn2
45,dete
46,detecn2
49,dete
50,detecn2
51,asdfgh
52,qwerty
53,Corrective action 2
54,Corrective action 1
55,Corrective action 3
56,Corrective action 4
57,Check all the fire cylinders
58,qwert
1,"If levels exceed safe limits, immediately evacuate the area, implement shielding measures, and review exposure control protocols."
