"attachment_id","attachment_type","file_name","file_type","location","entity_id"
1,image/png,AaseyaLogo.png,png,D:\Git\Camunda-AIS\src\main\resources\uploads\1739355029301_AaseyaLogo.png,ENecd3c608
2,audio/ogg,Ptt 2024-12-24 at 08.50.42.ogg,ogg,D:\Git\Camunda-AIS\src\main\resources\uploads\1739355029413_Ptt 2024-12-24 at 08.50.42.ogg,ENecd3c608
3,application/pdf,O209-050225154321-1821770.pdf,pdf,D:\Git\Camunda-AIS\src\main\resources\uploads\1739355029438_O209-050225154321-1821770.pdf,ENecd3c608
4,application/pdf,"8e752843-ee84-4351-bc0f-221b27bb730f.pdf",pdf,D:\Git\Camunda-AIS\src\main\resources\uploads\1739355029489_8e752843-ee84-4351-bc0f-221b27bb730f.pdf,ENecd3c608
5,application/pdf,O209-040225122240-0951672.pdf,pdf,D:\Git\Camunda-AIS\src\main\resources\uploads\1739355029567_O209-040225122240-0951672.pdf,ENecd3c608
6,audio/ogg,Ptt 2024-12-24 at 08.50.42.ogg,ogg,D:\Git\Camunda-AIS\src\main\resources\uploads\1739355385888_Ptt 2024-12-24 at 08.50.42.ogg,ENc3be4843
7,image/png,AaseyaLogo.png,png,D:\Git\Camunda-AIS\src\main\resources\uploads\1739355385998_AaseyaLogo.png,ENc3be4843
8,image/jpeg,SAP_2011_logo.jpg,jpg,D:\Git\Camunda-AIS\src\main\resources\uploads\1739355386048_SAP_2011_logo.jpg,ENc3be4843
9,application/pdf,O209-040225122240-0951672.pdf,pdf,D:\Git\Camunda-AIS\src\main\resources\uploads\1739355386118_O209-040225122240-0951672.pdf,ENc3be4843
10,application/pdf,O209-040225121640-1416675.pdf,pdf,D:\Git\Camunda-AIS\src\main\resources\uploads\1739355386224_O209-040225121640-1416675.pdf,ENc3be4843
11,audio/ogg,Ptt 2024-12-24 at 08.50.42.ogg,ogg,D:\Git\Camunda-AIS\src\main\resources\uploads\1739355628392_Ptt 2024-12-24 at 08.50.42.ogg,EN6971a186
13,audio/ogg,Ptt 2024-12-24 at 08.50.42.ogg,ogg,D:\Git\Camunda-AIS\src\main\resources\uploads\1739355775075_Ptt 2024-12-24 at 08.50.42.ogg,EN781a05cc
16,application/pdf,"8e752843-ee84-4351-bc0f-221b27bb730f.pdf",pdf,D:\Git\Camunda-AIS\src\main\resources\uploads\1739355775422_8e752843-ee84-4351-bc0f-221b27bb730f.pdf,EN781a05cc
17,application/vnd.openxmlformats-officedocument.wordprocessingml.document,ALPS-Architechture.docx,docx,D:\Git\Camunda-AIS\src\main\resources\uploads\1739366101297_ALPS-Architechture.docx,EN781a05cc
18,image/png,AaseyaLogo.png,png,D:\Git\Camunda-AIS\src\main\resources\uploads\1739366102576_AaseyaLogo.png,EN781a05cc
19,application/pdf,O209-040225110021-1049572.pdf,pdf,D:\Git\Camunda-AIS\src\main\resources\uploads\1739367538686_O209-040225110021-1049572.pdf,EN6971a186
20,application/pdf,O209-040225105621-3513036.pdf,pdf,D:\Git\Camunda-AIS\src\main\resources\uploads\1739367538882_O209-040225105621-3513036.pdf,EN6971a186
21,application/pdf,O209-040225111121-5106930.pdf,pdf,D:\Git\Camunda-AIS\src\main\resources\uploads\1739367538993_O209-040225111121-5106930.pdf,EN6971a186
22,image/jpeg,"3.jpg",jpg,D:\Git\Camunda-AIS\src\main\resources\uploads\1739367539086_3.jpg,EN6971a186
23,image/jpeg,"4.jpg",jpg,D:\Git\Camunda-AIS\src\main\resources\uploads\1739367539170_4.jpg,EN6971a186
24,image/jpeg,"1.jpg",jpg,D:\Git\Camunda-AIS\src\main\resources\uploads\1739367539234_1.jpg,EN6971a186
25,image/jpeg,"2.jpg",jpg,D:\Git\Camunda-AIS\src\main\resources\uploads\1739367829725_2.jpg,EN6971a186
26,audio/ogg,Ptt 2024-12-24 at 08.50.42.ogg,ogg,D:\Git\Camunda-AIS\src\main\resources\uploads\1739422074786_Ptt 2024-12-24 at 08.50.42.ogg,ENac470c9e
27,image/png,AaseyaLogo.png,png,D:\Git\Camunda-AIS\src\main\resources\uploads\1739422074920_AaseyaLogo.png,ENac470c9e
28,image/jpeg,SAP_2011_logo.jpg,jpg,D:\Git\Camunda-AIS\src\main\resources\uploads\1739422074967_SAP_2011_logo.jpg,ENac470c9e
29,application/pdf,O209-040225122240-0951672.pdf,pdf,D:\Git\Camunda-AIS\src\main\resources\uploads\1739422075022_O209-040225122240-0951672.pdf,ENac470c9e
30,application/pdf,O209-040225121640-1416675.pdf,pdf,D:\Git\Camunda-AIS\src\main\resources\uploads\1739422075069_O209-040225121640-1416675.pdf,ENac470c9e
31,audio/ogg,Ptt 2024-12-24 at 08.50.42.ogg,ogg,D:\Git\Camunda-AIS\src\main\resources\uploads\1739422440519_Ptt 2024-12-24 at 08.50.42.ogg,ENbbd74ab7
32,image/png,AaseyaLogo.png,png,D:\Git\Camunda-AIS\src\main\resources\uploads\1739422440584_AaseyaLogo.png,ENbbd74ab7
33,image/jpeg,SAP_2011_logo.jpg,jpg,D:\Git\Camunda-AIS\src\main\resources\uploads\1739422440652_SAP_2011_logo.jpg,ENbbd74ab7
34,application/pdf,O209-040225122240-0951672.pdf,pdf,D:\Git\Camunda-AIS\src\main\resources\uploads\1739422440685_O209-040225122240-0951672.pdf,ENbbd74ab7
35,application/pdf,O209-040225121640-1416675.pdf,pdf,D:\Git\Camunda-AIS\src\main\resources\uploads\1739422440725_O209-040225121640-1416675.pdf,ENbbd74ab7
36,audio/ogg,Ptt 2024-12-24 at 08.50.42.ogg,ogg,D:\Git\Camunda-AIS\src\main\resources\uploads\1739422718153_Ptt 2024-12-24 at 08.50.42.ogg,EN9d160ca9
37,image/png,AaseyaLogo.png,png,D:\Git\Camunda-AIS\src\main\resources\uploads\1739422718203_AaseyaLogo.png,EN9d160ca9
38,image/jpeg,SAP_2011_logo.jpg,jpg,D:\Git\Camunda-AIS\src\main\resources\uploads\1739422718233_SAP_2011_logo.jpg,EN9d160ca9
39,application/pdf,O209-040225122240-0951672.pdf,pdf,D:\Git\Camunda-AIS\src\main\resources\uploads\1739422718264_O209-040225122240-0951672.pdf,EN9d160ca9
40,application/pdf,O209-040225121640-1416675.pdf,pdf,D:\Git\Camunda-AIS\src\main\resources\uploads\1739422718307_O209-040225121640-1416675.pdf,EN9d160ca9
41,audio/ogg,Ptt 2024-12-24 at 08.50.42.ogg,ogg,D:\Git\Camunda-AIS\src\main\resources\uploads\1739422744127_Ptt 2024-12-24 at 08.50.42.ogg,EN911f8a5e
42,image/png,AaseyaLogo.png,png,D:\Git\Camunda-AIS\src\main\resources\uploads\1739422744206_AaseyaLogo.png,EN911f8a5e
43,image/jpeg,SAP_2011_logo.jpg,jpg,D:\Git\Camunda-AIS\src\main\resources\uploads\1739422744251_SAP_2011_logo.jpg,EN911f8a5e
44,application/pdf,O209-040225122240-0951672.pdf,pdf,D:\Git\Camunda-AIS\src\main\resources\uploads\1739422744318_O209-040225122240-0951672.pdf,EN911f8a5e
45,application/pdf,O209-040225121640-1416675.pdf,pdf,D:\Git\Camunda-AIS\src\main\resources\uploads\1739422744416_O209-040225121640-1416675.pdf,EN911f8a5e
47,application/vnd.openxmlformats-officedocument.wordprocessingml.document,ALPS-Architechture.docx,docx,D:\Camunda-AIS\EntityRegistrationAttachments\1739430188291_ALPS-Architechture.docx,EN840e2306
48,application/pdf,O209-040225110021-1049572.pdf,pdf,D:\Camunda-AIS\EntityRegistrationAttachments\1739430576689_O209-040225110021-1049572.pdf,EN840e2306
49,application/pdf,O209-040225105621-3513036.pdf,pdf,D:\Camunda-AIS\EntityRegistrationAttachments\1739430576744_O209-040225105621-3513036.pdf,EN840e2306
50,application/pdf,O209-040225111121-5106930.pdf,pdf,D:\Camunda-AIS\EntityRegistrationAttachments\1739430576801_O209-040225111121-5106930.pdf,EN840e2306
51,image/jpeg,"3.jpg",jpg,D:\Camunda-AIS\EntityRegistrationAttachments\1739430576867_3.jpg,EN840e2306
52,image/jpeg,"4.jpg",jpg,D:\Camunda-AIS\EntityRegistrationAttachments\1739430576917_4.jpg,EN840e2306
53,image/jpeg,"1.jpg",jpg,D:\Camunda-AIS\EntityRegistrationAttachments\1739430576976_1.jpg,EN840e2306
54,application/vnd.openxmlformats-officedocument.presentationml.presentation,react-training.pptx,pptx,D:\Camunda-AIS\EntityRegistrationAttachments\1739526801856_react-training.pptx,EN3ed45832
55,image/jpeg,img1.jpeg,jpeg,D:\Camunda-AIS\EntityRegistrationAttachments\1739526805576_img1.jpeg,EN3ed45832
57,image/jpeg,img1.jpeg,jpeg,D:\Camunda-AIS\EntityRegistrationAttachments\1739534743254_img1.jpeg,EN2291eb2c
58,application/vnd.openxmlformats-officedocument.wordprocessingml.document,react doc1.docx,docx,D:\Camunda-AIS\EntityRegistrationAttachments\1739791259979_react doc1.docx,EN2291eb2c
1,application/octet-stream,AIS_SAPProcess.bpmn,bpmn,D:\Camunda-AIS\EntityRegistrationAttachments\1740653267143_AIS_SAPProcess.bpmn,ENb1363271
