"entity_id","address","country_name","entity_details","facility","floor","is_active","is_address","entity_name","representative_email","representative_id","representative_name","representative_phoneno","size","entity_type","zone_name","segment_name","sub_segment_name","building","location","segment_id","sub_segment_id","zone_id","inspection_type_id","ins_type_id","area_and_facility","floor_and_building","violation_percentage"
EN2adcba93,,,"{""notes"": ""Compact wireless mouse with ergonomic design."", ""productCode"": ""WM12345"", ""productName"": ""Wireless Mouse"", ""manufacturer"": ""LogiTech"", ""serialNumber"": ""SN987654321"", ""productCategory"": ""Electronics"", ""productExpiryDate"": [2025, 12, 31]}",,,true,,Wireless Mouse,,,,,,product,,,,,,,,,,,,,
EN32fb3951,"No. 4A & 4B KIADB Industrial Area, Chokkahalli, Hoskote Taluk, Cholappanahalli, Karnataka 562114, India",,"{""status"": ""Active"", ""comments"": ""License valid for all international operations"", ""licenseName"": ""Global Operations License"", ""licenseType"": ""Business"", ""licenseNumber"": ""LIC-987654"", ""issuingAuthority"": ""Global Licensing Authority"", ""associateLocationOrSite"": ""Main Office""}",F4,F4,true,,Global Operations License,GlobalOperationsLicense@gmail.com,,,,,License,,,,,,,,,,,,,
ENa4ff6580,,,"{""status"": ""Active"", ""comments"": ""comments"", ""licenseName"": ""license name"", ""licenseType"": ""Business"", ""licenseNumber"": ""license number"", ""issuingAuthority"": ""authority"", ""associateLocationOrSite"": ""location site""}",,,true,,license name,,,,,,License,,,,,,,,,,,,,
"10000636",Hyd,,"",,,true,,Blower Motor 2,test@sap.com,,,,,site,,,,,Banglore,,,,,,,,
EN-1005, Mundra Port ,India,"",F1,F2,true,,Libra Shipping Vessel,librashipping@gmail.com,,Libra Shipping,"9876543344",high,site,,Maritime ,Shipboard,B2,Gujarat,,,ZN-3e3c9f4c,,,,,
"10000148",Hyd,,"",,,true,,Compressor Motor 1Kw,test@sap.com,,,,,site,,,,,,,,,,,,,
EN-1003,,,"",,,true,,Inspira ,Inspira@gmail.com,,,,,site,,,,,,,,,,,,,
EN-1004,,,"",,,true,,Sure Inspect,SureInspect@gmail.com,,,,,site,,,,,,,,,,,,,
EN-1901,,,"",,,true,,Prime Inspect,PrimeInspect@gmail.com,,,,,site,,,,,,,,,,,,,
EN-afcb7319,,,"",,,true,,Clear View,ClearView@gmail.com,,,,,site,,,,,,,,,,,,,
EN0b811e77,,,"",,,true,,Inferno Safety,Infernosafety@gmail.com,,,,,site,,,,,,,,,,,,,
"10000657",Hyd,,"",,,true,,Pump MS - ZSK1,test@sap.com,,,,,site,,,,,,,,,1,1,,,
EN-1002,Banglore,India,"",F1,F1,true,,ISRO,isro@gmail.com,,ISRO,"7654321234",high,site,,Equipement Inspection Solution,Equipement Inspection,B1,Banglore,,,ZN-3e3c9f4c,14,14,Hyd,"F10,C10",
ENe4003c7b,"456 Elm Street",,"",Plant B,F6,true,,XYZ Inc.,xyzinc@gmail.com,,,,,site,,,,Building 2,CA,,,,14,14,,,
EN3b3f47d8,"",,"",,,true,,Hcl,Hcl@gmail.com,,,,,site,,,,,,,,,,,hyd,"F10, C10",
ENc3be4843,,,"{""comments"": ""Main production facility with advanced automation."", ""siteName"": ""Greenfield Manufacturing Plant"", ""siteAddress"": ""123 Industrial Park, Springfield, IL, 62704, USA"", ""siteManager"": ""John Doe""}",,,true,,Greenfield Manufacturing Plant,,,,,,site,,Equipement Inspection Solution,Equipement Inspection ,,,,,,,,,,
EN-1006,"No. 4A & 4B KIADB Industrial Area, Chokkahalli, Hoskote Taluk, Cholappanahalli, Karnataka 562114, India",,"",F2,F4,true,,Motor_Wheel Balancer,motorwheel@gmail.com,,Motor_Wheel Balancer,"9876543564",high,site,Northern,Equipement Inspection Solution,Equipement Inspection,B6,"No. 4A & 4B KIADB Industrial Area, Chokkahalli, Hoskote Taluk, Cholappanahalli, Hyderabad India",,,ZN-c7aa79a4,7,,,,
EN840e2306,,,"{""notes"": ""Compact wireless mouse with ergonomic and comfort design."", ""productCode"": ""WM12345U1"", ""productName"": ""Wireless Mouse Update"", ""manufacturer"": ""LogiTech Infra"", ""serialNumber"": ""SN987654322"", ""productCategory"": ""Electronics Gadget1"", ""productExpiryDate"": [2026, 12, 31]}",,,true,,Advanced Radiological Inspections Ltd.,radilogicalIns@gmail.com,,,,,Product,,,,,,,,,,,,,
EN781a05cc,,,"{""status"": ""Active"", ""comments"": ""Required for operating in Springfield region."", ""licenseName"": ""General Trading License"", ""licenseType"": ""Business License"", ""licenseNumber"": ""BL123456789"", ""issuingAuthority"": ""Springfield Licensing Authority"", ""associateLocationOrSite"": ""123 Nuclear Ave, Oak Ridge, TN 37830, USA""}",,,true,,Radiation Safety Solutions Inc.,safetsolutions@gmail.com,,Radiation Safety Solutions Inc.,+1 (865) 555-1234,,license,,Equipement Inspection Solution,Equipement Inspection,,,,,,,,,,
ENe9335289,,,"{""status"": ""Active"", ""comments"": ""comments"", ""licenseName"": ""license name"", ""licenseType"": ""Business"", ""licenseNumber"": ""license number"", ""issuingAuthority"": ""authority"", ""associateLocationOrSite"": ""101 Beta Blvd, Sydney, NSW 2000, Australia""}",,,true,,SafeTech Radiation Consultants,safetch@gmail.com,,SafeTech Radiation Consultants,+61 (2) 5550 3456,,site,,Equipement Inspection Solution,Equipement Inspection ,,,,,,,,,,
EN2291eb2c,,,"{""comments"": ""comments"", ""siteName"": ""Site name"", ""siteType"": ""Residential"", ""siteAddress"": ""site address 123"", ""siteManager"": ""site manager 123""}",,,true,,Site name,,,,,,Site,,,,,,,,,,,,,
EN5d20f4a7,,,"{""status"": ""Active1"", ""comments"": ""Updated comments for the license"", ""licenseName"": ""Updated License Name1"", ""licenseType"": ""Business1"", ""licenseNumber"": ""LIC-9876541"", ""issuingAuthority"": ""Updated Authority1"", ""associateLocationOrSite"": ""Updated Location""}",,,true,,NextGen,NextGen@gmail.com,,,,,License,,,,,,,,,,,,,
EN01da735e,,,"{""notes"": ""High-performance gadget with enhanced features"", ""productCode"": ""SW3000"", ""productName"": ""SuperWidget 3000"", ""manufacturer"": ""WidgetCorp"", ""serialNumber"": ""BATCH-12345"", ""productCategory"": ""Gadgets"", ""productExpiryDate"": [2025, 12, 31]}",,,true,,Structo Inspect,Structoinspect@gmail.com,,,,,Product,,,,,,,,,,,,,
EN2d2c850a,"No. 4A & 4B KIADB Industrial Area, Chokkahalli, Hoskote Taluk, Cholappanahalli, Karnataka 562114, India",,"",F5,F3,true,"No. 4A & 4B KIADB Industrial Area, Chokkahalli, Hoskote Taluk, Cholappanahalli, Karnataka 562114, India",Sharavathy Conductors Pvt Ltd,sharavathy@gmail.com,,,,,site,,,,B5,"No. 4A & 4B KIADB Industrial Area, Chokkahalli, Hoskote Taluk, Cholappanahalli, Karnataka 562114, India",,,ZN-c7aa79a4,,,,,
ENb1363271,,,"{""comments"": ""site "", ""siteName"": ""aaseya"", ""siteType"": ""Commercial"", ""siteAddress"": null, ""siteManager"": ""dinesh""}",,,true,,Global Radiation Safety Experts,globalradiation@gmail.com,,,,,Site,,,,,,,,,,,,,
EN-1001,"No. 4A & 4B KIADB Industrial Area, Chokkahalli, Hoskote Taluk, Cholappanahalli, Karnataka 562114, India",India,"",F4,F2,true,,AA Manufacturing Unit,aamanufacturing@gmail.com,,AA,"9876999909",high,site,,Equipement Inspection Solution,Equipement Inspection ,B1,Hyderabad,,,,,,Hyderabad,"F10,C10",
ENcfbe4a7f,,,"{""comments"": ""Specializes in radiographic"", ""siteName"": ""Industrial Radiographic Inspection "", ""siteType"": ""Industrial"", ""siteAddress"": ""Hyderabad,India"", ""siteManager"": ""Sanjay""}",,,true,,Industrial Radiographic Inspection ,,,,,,Site,,,,,,,,,,,,,
EN4bf01b92,,,"{""comments"": ""Specializes in radiographic"", ""siteName"": ""Radiographic Inspection Company"", ""siteType"": ""Industrial"", ""siteAddress"": ""Hyderabad , India"", ""siteManager"": ""sanjay""}",,,true,,Radiographic Inspection Company,,,,,,Site,,,,,,,,,,,,,
EN-1007,"No. 4A & 4B KIADB Industrial Area, Chokkahalli, Hoskote Taluk, Cholappanahalli, Karnataka 562114, India",,"",F3,F5,true,,Motor_Wheel Balancer,motorcycle@gmail.com,,Motor_Wheel Balancer,"9765678677",high,site,Northern,Equipement Inspection Solution,Equipement Inspection,B7,"No. 4A & 4B KIADB Industrial Area, Chokkahalli, Hoskote Taluk, Cholappanahalli, Hyderabad India",,,ZN-c7aa79a4,7,,,,
