"checklist_cat_id","inspection_id","inspector_id"
7,2251799813685845,john@gmail.com
1,2251799813685845,john@gmail.com
4,2251799813685845,john@gmail.com
9,6755399441112778,james@gmail.com
10,6755399441112778,james@gmail.com
1,2251799813750958,john@gmail.com
1,4503599627380041,ethan@gmail.com
2,4503599627380041,patrick@gmail.com
10,4503599627380005,john@gmail.com
9,4503599627380005,emily@gmail.com
1,6755399441080287,ethan@gmail.com
2,6755399441080287,patrick@gmail.com
1,6755399441124445,patrick@gmail.com
2,6755399441124445,ethan@gmail.com
9,6755399441161254,john@gmail.com
10,6755399441161254,emily@gmail.com
1,2251799813689684,patrick@gmail.com
2,2251799813689684,ethan@gmail.com
1,4503599627386074,patrick@gmail.com
2,4503599627386074,ethan@gmail.com
9,2251799813710477,john@gmail.com
10,2251799813710477,john@gmail.com
9,4503599627432655,john@gmail.com
10,4503599627432655,john@gmail.com
1,2251799813752711,patrick@gmail.com
2,2251799813752711,ethan@gmail.com
9,2251799813761913,john@gmail.com
10,2251799813761913,john@gmail.com
9,4503599627447533,john@gmail.com
10,4503599627447533,john@gmail.com
1,6755399441122890,patrick@gmail.com
2,6755399441122890,ethan@gmail.com
9,6755399441137106,john@gmail.com
10,6755399441137106,john@gmail.com
9,2251799813686253,john@gmail.com
10,2251799813686253,john@gmail.com
1,4503599627376125,patrick@gmail.com
2,4503599627376125,ethan@gmail.com
9,2251799813689328,john@gmail.com
10,2251799813689328,john@gmail.com
9,4503599627402846,john@gmail.com
10,4503599627402846,john@gmail.com
1,2251799813739603,patrick@gmail.com
2,2251799813739603,ethan@gmail.com
9,4503599627437092,john@gmail.com
10,4503599627437092,john@gmail.com
9,4503599627395250,john@gmail.com
10,4503599627395250,john@gmail.com
9,2251799813688377,john@gmail.com
10,2251799813688377,john@gmail.com
9,2251799813706501,john@gmail.com
10,2251799813706501,john@gmail.com
9,6755399441135886,john@gmail.com
10,6755399441135886,john@gmail.com
9,4503599627388075,john@gmail.com
10,4503599627388075,john@gmail.com
9,2251799813733042,john@gmail.com
10,2251799813733042,john@gmail.com
9,2251799813726482,john@gmail.com
10,2251799813726482,john@gmail.com
9,4503599627478872,john@gmail.com
10,4503599627478872,john@gmail.com
5,4503599627543673,john@gmail.com
6,4503599627543673,john@gmail.com
5,2251799813686850,john@gmail.com
6,2251799813686850,john@gmail.com
