"inspection_plan_id","description","inspection_plan_name","inspector_type","reason_for_inspection_plan","status"
INS_PLN5ba4afae,,Inspection Plan,group,Reason,
INS_PLNbf1d20bd,,test inspection,group,Routine Inspection,
INS_PLN8d059c98,,checklist inspection plan,group,reason,
INS_PLNf7734e86,,Fire & Radiation Safety Compliance Inspection,group,"Prevent hazards, ensure compliance",
INS_PLNa4b3cf46,,Plan inspection,group,reason,
INS_PLN6187400a,,Integrated Hazard Prevention Audit,group,"Mitigate risks, enforce safety",
INS_PLN60bd379d,,Safety and Compliance Inspection Plan,group,Safety enforce,
INS_PLN134a39f6,,Safety and Compliance Inspection Plan,group,Safety enforce,
INS_PLN1d6e6821,,Pre Production Inspection,group,reason ,
INS_PLN9cabc5f3,,Inspection,group,Reason,
INS_PLNf3ff9ffc,,Inspection,group,Reason,
