"ins_type_id","entity_size","high","is_active","low","medium","name","threshold"
3,medium,11:00:00,true,11:00:00,09:00:00,Radiation Waste Management,"70"
6,high,09:00:00,true,09:00:00,13:00:00,General Inspection,"60"
2,low,09:00:00,true,09:00:00,11:00:00,Radiation Shipment Inspection,"50"
5,large,09:00:00,true,13:00:00,11:00:00,Building & Structural Inspection,medium
1,large,09:00:00,true,13:00:00,11:00:00,Fire Safety Inspection,medium
4,high,13:00:00,true,11:00:00,09:00:00,Electrical Safety Inspection ,"90"
7,high,11:00:00,true,11:00:00,09:00:00,Equipment Breakdown Check,"90"
