"id","comments","answer_type","is_active","name","ins_type_id"
1,"",Compliant/Non-Compliant/NA,false,"Verify that fire extinguishers are properly placed, charged, and not expired.",1
2,"",Compliant/Non-Compliant/NA,true, Ensure all emergency exits and escape routes are clear and properly marked.,1
3,"",Yes/No/Na,false,"Check the functionality of fire alarms, smoke detectors, and sprinkler systems.",1
4,,Compliant/Non-Compliant/NA,true,Verify shipment labels and radiation hazard markings.,2
5,,Yes/No/Na,true,Ensure radiation levels are within permissible transport limits.,2
6,,Yes/No/Na,true,Check the integrity of packaging and container seals.,2
7,,Compliant/Non-Compliant/NA,true,Confirm proper storage of radioactive waste in designated areas.,3
8,,Yes/No/Na,true, Review waste classification and disposal procedures.,3
9,,Compliant/Non-Compliant/NA,true,Inspect radiation monitoring equipment for functionality.,3
10,,Compliant/Non-Compliant/NA,true,Verify proper grounding of electrical equipment and circuits.,4
11,,Compliant/Non-Compliant/NA,true,Check for exposed or damaged wiring.,4
12,,Compliant/Non-Compliant/NA,true,Ensure emergency shutoff switches are operational.,4
13,,Yes/No/Na,true, Inspect visible cracks or structural deformities.,5
14,,Yes/No/Na,true,Verify load-bearing elements for stability.,5
15,,Compliant/Non-Compliant/NA,true,Ensure compliance with fire safety and evacuation plans.,5
16,,Yes/No/Na,true, Review previous inspection reports and compliance records.,6
17,,Yes/No/Na,true,Ensure the availability of required personal protective equipment (PPE).,6
18,,Compliant/Non-Compliant/NA,true,Check for any immediate safety hazards in the work area.,6
19,,Compliant/Non-Compliant/NA,true,Verify Main Electrical Panel Accessibility,4
20,,Yes/No/Na,true, Inspect Grounding and Bonding System,4
21,,Yes/No/Na,true,Review Circuit Breaker Labeling and Functionality,4
22,,Compliant/Non-Compliant/NA,true,Verify Approved Building Plans,5
23,,Yes/No/Na,true,Check for Structural Cracks or Damage,5
24,,Compliant/Non-Compliant/NA,true,Confirm Load-Bearing Components,5
