"requirement_id","name"
9,Fire Extinguishers Available
10,Emergency Lights Functional
11,Verify that radiation shielding is intact and functioning
12,Inspect radiation shielding materials.
13,Verify wiring is intact and free from fraying or wear.
14,Confirm the load distribution across circuits is balanced.
15,Test outlets and switches for functionality..
16,Check for loose or damaged outlets and switches.
17,Calibrate Geiger counters and other radiation monitoring devices.
18,Check for visible damage or leaks in radiation sources.
19,"Define areas to inspect (e.g., entire building, specific floors, equipment."
20,Review previous inspection reports for unresolved issues.
21,Radiation Monitoring Devices
22,Ventilation Systems.
23,Combustible materials are kept away from heat sources.
24,Proper labeling of hazardous substances.
25,Fire-rated walls and barriers are intact and uncompromised.
26,Ceiling and floor openings are sealed to prevent fire spread.
41,Verify adequate lighting in the inspection area.
42,Remove obstructions near electrical equipment for ease of inspection
43,Weather Conditions.
44,Mosituriser Control
45,Load Levels
46,Calibration
47,Emergency Contacts
48,First Aid Kits
53,Main power supply
54,Distribution panels
55,Regulatory Standards
56,Test Procedures
57,requiremnt
58,Medicalreport
59,Requiremnt2
60,Requirement
61,Safety
62,Electric
63,new3
64,new2
65,shipet3
66,shipmnt2
67,shipment1
68,shipment4
69,Requirement2
70,requirement1
71,requirement3
72,""
73,Requirement 234
74,Requirement 123
