"skill_id","expiry_date","is_active","skill","start_date"
22,2024-12-25,true,Ship surveying certificate,2024-12-02
91,2024-12-25,false,updated 1,2024-12-02
92,2024-12-25,false,existing 1,2024-12-02
9,2024-12-25,true,Tested,2024-12-02
17,2024-12-25,true,Skill 3,2024-12-02
18,2024-12-25,true,Skill 4,2024-12-02
19,2024-12-25,true,Skill 5,2024-12-02
20,2024-12-25,true,Skill 6,2024-12-02
21,2024-12-25,true,On board Training,2024-12-02
93,2024-12-25,false,updated 12,2024-12-02
94,2024-12-25,false,existing 12,2024-12-02
96,2024-12-25,false,save,2024-12-02
97,2024-12-25,false,edit,2024-12-02
83,2024-12-25,false,updated Slodsdsg,2024-12-02
84,2024-12-25,false,existing Slsdsdog2,2024-12-02
89,2024-12-25,false,updated ,2024-12-02
90,2024-12-25,false,existing ,2024-12-02
15,2024-10-02,false,Java,2024-09-28
8,2024-10-02,false,C++,2024-09-28
100,,false,one,
103,,false,four,
104,,false,five,
105,,true,React.s,
16,2024-12-25,true,AIS,2024-12-02
107,,true,Json,
108,,true,Harshitha,
98,,false,nesklill,
99,,false,newskillnotwo,
102,,false,three,
3,2024-12-20,true,Care,2024-11-20
2,2024-11-10,true,Health,2024-11-01
101,,true,skill xyz,
106,,true,Node.js,
95,2024-12-25,true,Javascript,2024-12-02
4,2024-11-15,true,Skill 1,2024-11-25
109,,true,New skill 234,
112,,true,Fire extinguition,
113,,true,Nodejs,
114,,true,Python,
115,,true,Java v11,
110,,false,New skill 123,
111,,false,stable,
5,,true,Inspection Management,
1,2024-10-02,true,Emergency,2024-09-28
