"group_id","description","group_name","is_active"
1," Ensures compliance with fire prevention, suppression, and emergency evacuation measures.",Fire Protection & Safety,false
2,"Verifies safe packaging, labeling, and transport of radioactive materials.",Radiation Transport Safety,true
3,"Inspects handling, storage, and disposal of radioactive waste to prevent contamination.",Radioactive Waste Control,true
4,"Assesses electrical wiring, equipment safety, and compliance with power system regulations.",Electrical Systems & Hazard Prevention,false
5,"Evaluates building foundations, load-bearing structures, and overall stability.",Structural Integrity & Compliance,true
6," Conducts routine assessments of general workplace safety, hygiene, and operational efficiency.",Workplace Safety & Compliance,true
