"user_id","zone_id"
1,ZN-c7aa79a4
1,ZN-59ce311e
753,ZN-928c690d
753,ZN-3e3c9f4c
1,ZN-b6e46020
753,ZN-d6f138b3
753,ZN-b6e46020
754,ZN-928c690d
4,ZN-c7aa79a4
5,ZN-c7aa79a4
6,ZN-c7aa79a4
7,ZN-c7aa79a4
4,ZN-59ce311e
5,ZN-59ce311e
6,ZN-59ce311e
7,ZN-59ce311e
4,ZN-b6e46020
5,ZN-b6e46020
6,ZN-b6e46020
7,ZN-b6e46020
8,ZN-c7aa79a4
8,ZN-59ce311e
52,ZN-c7aa79a4
52,ZN-59ce311e
754,ZN-3e3c9f4c
754,ZN-d6f138b3
754,ZN-b6e46020
755,ZN-3e3c9f4c
755,ZN-d6f138b3
756,ZN-928c690d
756,ZN-b6e46020
757,ZN-8b649daa
757,ZN-b6e46020
758,ZN-928c690d
758,ZN-c7aa79a4
759,ZN-3e3c9f4c
759,ZN-d6f138b3
760,ZN-59ce311e
761,ZN-8b649daa
761,ZN-928c690d
761,ZN-c7aa79a4
761,ZN-b6e46020
762,ZN-59ce311e
762,ZN-3e3c9f4c
762,ZN-d6f138b3
763,ZN-928c690d
763,ZN-59ce311e
763,ZN-c7aa79a4
764,ZN-8b649daa
764,ZN-3e3c9f4c
764,ZN-d6f138b3
764,ZN-b6e46020
3,ZN-59ce311e
3,ZN-3e3c9f4c
2,ZN-59ce311e
2,ZN-3e3c9f4c
1,ZN-3e3c9f4c
1,ZN-d6f138b3
2,ZN-59ce311e
2,ZN-c7aa79a4
53,ZN-b6e46020
1,ZN-928c690d
1,ZN-b6e46020
2,ZN-928c690d
2,ZN-b6e46020
52,ZN-928c690d
52,ZN-b6e46020
102,ZN-928c690d
102,ZN-3e3c9f4c
152,ZN-928c690d
152,ZN-3e3c9f4c
152,ZN-b6e46020
202,ZN-928c690d
202,ZN-b6e46020
